name,start,,,,,
William A. Egan 1,"January 3, 1959",,,,,
Wally Hickel 1,"December 5, 1966",,,,,
Keith Harvey Miller,"January 29, 1969",,,,,
William A. Egan 2,"December 7, 1970",,,,,
Jay Hammond,"December 2, 1974",,,,,
Bill Sheffield,"December 6, 1982",,,,,
Steve Cowper,"December 1, 1986",,,,,
Wally Hickel 2,"December 3, 1990",,,,,
Tony Knowles,"December 5, 1994",,,,,
Frank Murkowski,"December 2, 2002",,,,,
Sarah Palin,"December 4, 2006",,,,,
Sean Parnell,"July 26, 2009",,,,,
	Bill Walker,"December 1, 2014",,,,,
,,,,,,
,,,,,,
,,,,,,
,,,,,,
,,,,,,
,,,,,,
,,,,,,
,,,,,,